{
  "dataset": {
    "total": 684,
    "real": 337,
    "fake": 347
  },
  "scores": {
    "real": {
      "min": 3.4925895306514576e-05,
      "max": 0.9999998807907104,
      "avg": 0.8524222599855301
    },
    "fake": {
      "min": 4.4906124685439863e-07,
      "max": 0.9823456406593323,
      "avg": 0.042484993252408225
    }
  },
  "production_metrics": {
    "accuracy_05": 0.835324399900803,
    "auc": 0.9756454219721393,
    "eer": 0.001,
    "eer_threshold": 3.44377033288934e-05,
    "separation_ratio": 20.06407425512463
  },
  "timing": {
    "total_time": 2550.2316188812256,
    "avg_time": 3.7284087995339554,
    "analyze_avg": 3.7148998438963416
  }
}