{
  "dataset": {
    "total": 340,
    "real": 171,
    "fake": 169
  },
  "scores": {
    "real": {
      "min": 6.852629303466529e-05,
      "max": 0.9999998807907104,
      "avg": 0.8759680311628706
    },
    "fake": {
      "min": 1.5427966673087212e-06,
      "max": 0.9427294135093689,
      "avg": 0.03178109910116226
    }
  },
  "production_metrics": {
    "accuracy_05": 0.8610332537458044,
    "auc": 0.9814526454202567,
    "eer": 0.00502020202020202,
    "eer_threshold": 6.826408797033778e-05,
    "separation_ratio": 27.562538122083215
  },
  "timing": {
    "total_time": 1190.8490860462189,
    "avg_time": 3.502497311900644,
    "analyze_avg": 3.489147620341357
  }
}