{
  "dataset": {
    "total": 138,
    "real": 68,
    "fake": 70
  },
  "scores": {
    "real": {
      "min": 0.000330233306158334,
      "max": 0.9999998807907104,
      "avg": 0.8838903405219967
    },
    "fake": {
      "min": 1.5427966673087212e-06,
      "max": 0.4882785379886627,
      "avg": 0.02470876918263392
    }
  },
  "production_metrics": {
    "accuracy_05": 0.8823529411764706,
    "auc": 0.9834033613445379,
    "eer": 0.01306060606060606,
    "eer_threshold": 0.0003253830893346077,
    "separation_ratio": 35.77231938448912
  },
  "timing": {
    "total_time": 406.717570066452,
    "avg_time": 2.9472287685974785,
    "analyze_avg": 2.9364726301552593
  }
}